title,slug,toolCategory,active
Allen Key Set - Arndt,allen-key-set-arndt,Hand Tools,TRUE
Bandit Strapping tool,bandit-strapping-tool,Hand Tools,TRUE
Bender Pipe 20mm Condute - Bosal,bender-pipe-20mm-condute-bosal,Pipe & Hydraulic,TRUE
Blower cordless - makita/metabo,blower-cordless-makita-metabo,Power Tools,TRUE
Bolt Cutter - 600mm,bolt-cutter-600mm,Hand Tools,TRUE
Bolt Cutter - 450mm,bolt-cutter-450mm,Hand Tools,TRUE
Bow saw small,bow-saw-small,Hand Tools,TRUE
Broom,broom,Hand Tools,TRUE
Brush - Steel,brush-steel,Hand Tools,TRUE
Cabel Jack,cabel-jack,Electrical & Cabling,TRUE
Cabel Jack Shaft,cabel-jack-shaft,Electrical & Cabling,TRUE
Cabel Jack Stand,cabel-jack-stand,Electrical & Cabling,TRUE
Cabel Roller,cabel-roller,Electrical & Cabling,TRUE
Cable Cutter,cable-cutter,Electrical & Cabling,TRUE
Cable Cutter Core,cable-cutter-core,Electrical & Cabling,TRUE
Cable Gland Spanner,cable-gland-spanner,Electrical & Cabling,TRUE
Cable Knifes,cable-knifes,Electrical & Cabling,TRUE
Clock Machine,clock-machine,Power Tools,TRUE
Compressor - Matair 100L,compressor-matair-100l,Power Tools,TRUE
Concrete Chisel,concrete-chisel,Hand Tools,TRUE
Cord extension 14m,cord-extension-14m,Electrical & Cabling,TRUE
Cord extension 24m,cord-extension-24m,Electrical & Cabling,TRUE
Cord extension 30m,cord-extension-30m,Electrical & Cabling,TRUE
Cordless Rotary Hammer - Ryobi,cordless-rotary-hammer-ryobi,Power Tools,TRUE
Crimp Cutting Kit MC4,crimp-cutting-kit-mc4,Electrical & Cabling,TRUE
Crimper Bootlace,crimper-bootlace,Electrical & Cabling,TRUE
Crimper Hydraulic - CYO-430,crimper-hydraulic-cyo-430,Electrical & Cabling,TRUE
Crimper manual - HT0650,crimper-manual-ht0650,Electrical & Cabling,TRUE
Crowbar / Koevoet,crowbar-koevoet,Hand Tools,TRUE
Cutt Off Machine - Metabo,cutt-off-machine-metabo,Power Tools,TRUE
"Cutter, Straight Line (Quickie)",cutter-straight-line-quickie,Hand Tools,TRUE
Dial Indicator Insize,dial-indicator-insize,Measurement & Survey,TRUE
Drain cleaning rod set,drain-cleaning-rod-set,Pipe & Hydraulic,TRUE
Drill - Makita/Metabo,drill-makita-metabo,Power Tools,TRUE
Drill Heavy Duty - Makita,drill-heavy-duty-makita,Power Tools,TRUE
Drill Bit Set,drill-bit-set,Power Tools,TRUE
Drill Cordless - Makita/Inc-co/Dewalt/Ryobi/Hilti,drill-cordless-makita-inc-co-dewalt-ryobi-hilti,Power Tools,TRUE
Drill Cordless SDS - Hilti,drill-cordless-sds-hilti,Power Tools,TRUE
Drill Core - Hilti/Husqvarna,drill-core-hilti-husqvarna,Power Tools,TRUE
Drill Magbase,drill-magbase,Power Tools,TRUE
Drill Set - Dewalt,drill-set-dewalt,Power Tools,TRUE
Driptray Geel,driptray-geel,Safety & Site Equipment,TRUE
Dumpy level - Geomax ZAL 132,dumpy-level-geomax-zal-132,Measurement & Survey,TRUE
Electrical Pliers,electrical-pliers,Electrical & Cabling,TRUE
Electrical Screwdriver Set,electrical-screwdriver-set,Electrical & Cabling,TRUE
Electrical Toolbag,electrical-toolbag,Electrical & Cabling,TRUE
Engineering Square,engineering-square,Measurement & Survey,TRUE
Extensions,extensions,Electrical & Cabling,TRUE
Face Shields,face-shields,Safety & Site Equipment,TRUE
Fire Extinguisher,fire-extinguisher,Safety & Site Equipment,TRUE
Fish Tape,fish-tape,Electrical & Cabling,TRUE
Flood Light,flood-light,Electrical & Cabling,TRUE
Gas Plier,gas-plier,Hand Tools,TRUE
"G-Clamp 6""",g-clamp-6,Hand Tools,TRUE
"G-Clamp 4""",g-clamp-4,Hand Tools,TRUE
Grease Gun,grease-gun,Hand Tools,TRUE
Grinder Baby Cordless - Hilti,grinder-baby-cordless-hilti,Power Tools,TRUE
Grinder Baby - Metabo/Makita/Hilti,grinder-baby-metabo-makita-hilti,Power Tools,TRUE
Grinder Bench - MTS,grinder-bench-mts,Power Tools,TRUE
Grinder Pencil - Makita/Metabo,grinder-pencil-makita-metabo,Power Tools,TRUE
Grinders - Dewald/Metabo/Makita,grinders-dewald-metabo-makita,Power Tools,TRUE
Hacksaw Junior 6 inch,hacksaw-junior-6-inch,Hand Tools,TRUE
Hacksaw Expert,hacksaw-expert,Hand Tools,TRUE
Hammer 2 & 4 pound,hammer-2-4-pound,Hand Tools,TRUE
Hammer Carpenter,hammer-carpenter,Hand Tools,TRUE
Hammer Chipping,hammer-chipping,Hand Tools,TRUE
Hammer Claw,hammer-claw,Hand Tools,TRUE
Hammer Copper,hammer-copper,Hand Tools,TRUE
Hammer Rubber,hammer-rubber,Hand Tools,TRUE
Hammer-Ball Penn,hammer-ball-penn,Hand Tools,TRUE
Heat Gun - zd509,heat-gun-zd509,Power Tools,TRUE
Heavy Duty Socket,heavy-duty-socket,Hand Tools,TRUE
High Pressure Pipe Assembly,high-pressure-pipe-assembly,Pipe & Hydraulic,TRUE
Hilti Dispenser manual,hilti-dispenser-manual,Hand Tools,TRUE
Hilti 3 Tool Kit - Hilti,hilti-3-tool-kit-hilti,Hand Tools,TRUE
Hydraulic Pipe Coupler,hydraulic-pipe-coupler,Pipe & Hydraulic,TRUE
Hydraulic Pliers Split Unit - Major,hydraulic-pliers-split-unit-major,Pipe & Hydraulic,TRUE
Hydraulic Compressor Tool,hydraulic-compressor-tool,Power Tools,TRUE
Insulated screw driver set,insulated-screw-driver-set,Electrical & Cabling,TRUE
Jack Bottle 2 ton,jack-bottle-2-ton,Lifting & Material Handling,TRUE
Jack Bottle 3.3 ton,jack-bottle-3-3-ton,Lifting & Material Handling,TRUE
Jack Bottle 6 ton,jack-bottle-6-ton,Lifting & Material Handling,TRUE
Jackhammer & Accessories - Jomper,jackhammer-accessories-jomper,Power Tools,TRUE
Jerrycan+spout 10L - Plastic,jerrycan-spout-10l-plastic,Safety & Site Equipment,TRUE
Jumpers,jumpers,Electrical & Cabling,TRUE
Knife - Stanley,knife-stanley,Hand Tools,TRUE
Ladders,ladders,Lifting & Material Handling,TRUE
Lead Light with Stand,lead-light-with-stand,Electrical & Cabling,TRUE
Lobster Crimper,lobster-crimper,Electrical & Cabling,TRUE
Measuring Tape,measuring-tape,Measurement & Survey,TRUE
Measuring wheel,measuring-wheel,Measurement & Survey,TRUE
Multi Plug,multi-plug,Electrical & Cabling,TRUE
Nitrogen Charging Device,nitrogen-charging-device,Safety & Site Equipment,TRUE
Nitrogen Cylinders,nitrogen-cylinders,Safety & Site Equipment,TRUE
Pallet Jack,pallet-jack,Lifting & Material Handling,TRUE
Pickaxe/Bospik,pickaxe-bospik,Hand Tools,TRUE
Pipe Bender - Yellow Box,pipe-bender-yellow-box,Pipe & Hydraulic,TRUE
Pipe Cutter Ridgid,pipe-cutter-ridgid,Pipe & Hydraulic,TRUE
Pipe Wrench,pipe-wrench,Pipe & Hydraulic,TRUE
Pliers,pliers,Hand Tools,TRUE
Poprivet Gun,poprivet-gun,Hand Tools,TRUE
Poprivet Concertina,poprivet-concertina,Hand Tools,TRUE
Profesional Level - Bosch,profesional-level-bosch,Measurement & Survey,TRUE
Punch - Letters,punch-letters,Hand Tools,TRUE
Punch - Numbers,punch-numbers,Hand Tools,TRUE
Punch - Centre,punch-centre,Hand Tools,TRUE
Putty Knife,putty-knife,Hand Tools,TRUE
Rachet Wrench,rachet-wrench,Hand Tools,TRUE
Rake/Hark,rake-hark,Hand Tools,TRUE
Ratchet Set - Gedore,ratchet-set-gedore,Hand Tools,TRUE
Rotary Pump Manual,rotary-pump-manual,Lifting & Material Handling,TRUE
Ruler Steel,ruler-steel,Measurement & Survey,TRUE
Saw Electrical Reciprocating - Makita,saw-electrical-reciprocating-makita,Electrical & Cabling,TRUE
Screw Driver Flat,screw-driver-flat,Hand Tools,TRUE
Screw Driver Star,screw-driver-star,Hand Tools,TRUE
SDS Chuck,sds-chuck,Power Tools,TRUE
Shifting Spanner,shifting-spanner,Hand Tools,TRUE
Shovel,shovel,Hand Tools,TRUE
Side Cutters,side-cutters,Hand Tools,TRUE
Silicon Gun,silicon-gun,Hand Tools,TRUE
Slogging Wrench,slogging-wrench,Hand Tools,TRUE
Socket Set Gedore,socket-set-gedore,Hand Tools,TRUE
Spade,spade,Hand Tools,TRUE
Spanner - Flat-Flat - Various sizes,spanner-flat-flat-various-sizes,Hand Tools,TRUE
Spanner - Ring-Flat - Various sizes,spanner-ring-flat-various-sizes,Hand Tools,TRUE
Spanner open Jaw - Various sizes,spanner-open-jaw-various-sizes,Hand Tools,TRUE
Spirit Level,spirit-level,Measurement & Survey,TRUE
Spray Gun,spray-gun,Hand Tools,TRUE
Square - Combination,square-combination,Measurement & Survey,TRUE
Steel Cabinet,steel-cabinet,Lifting & Material Handling,TRUE
Steel Table,steel-table,Lifting & Material Handling,TRUE
Tap and Die Set,tap-and-die-set,Hand Tools,TRUE
Thermo Weldblocks,thermo-weldblocks,Hand Tools,TRUE
Tin Scissors/Blik sker,tin-scissors-blik-sker,Hand Tools,TRUE
Torch Rechargeable - Thorn,torch-rechargeable-thorn,Electrical & Cabling,TRUE
Torque Wrench - Various sizes,torque-wrench-various-sizes,Hand Tools,TRUE
Tripod Dumpy Level - VI Instruments,tripod-dumpy-level-vi-instruments,Measurement & Survey,TRUE
Tube cutter copper small - Eclipse,tube-cutter-copper-small-eclipse,Pipe & Hydraulic,TRUE
Vacuum / Stofsuier,vacuum-stofsuier,Power Tools,TRUE
Waterdispenser Core Drill - Hilti/Husqvarna,waterdispenser-core-drill-hilti-husqvarna,Power Tools,TRUE
Welding Machine - Various,welding-machine-various,Power Tools,TRUE
Welding/Generator Sincro,welding-generator-sincro,Power Tools,TRUE
Wheelbarrow,wheelbarrow,Lifting & Material Handling,TRUE
Winch Mini - Duke,winch-mini-duke,Lifting & Material Handling,TRUE
Wire strippers,wire-strippers,Electrical & Cabling,TRUE
Wood Saw/Houtsaag,wood-saw-houtsaag,Hand Tools,TRUE
Wrench - Slogging,wrench-slogging,Hand Tools,TRUE
Wrench Impact - Makita,wrench-impact-makita,Power Tools,TRUE
Wrench Pipe,wrench-pipe,Pipe & Hydraulic,TRUE
